DOCID,Locations
AFP_ENG_20020306.0508,"[('London', '936', '942'), ('London', '1064', '1070'), ('Birmingham', '1126', '1136'), ('Omagh', '1302', '1307'), ('British', '0', '7'), ('Britain', '147', '154'), ('London', '827', '833'), ('Birmingham', '838', '848')]"
AFP_ENG_20020309.0310,"[('Chamonix', '476', '484'), ('Courmayeur', '1049', '1059')]"
AFP_ENG_20020311.0492,"[('Amsterdam', '18', '27'), ('Amsterdam', '311', '320')]"
AFP_ENG_20020314.0244,"[('Paris', '32', '37'), ('capital', '249', '256'), ('Paris', '427', '432'), ('Rue Quatre Septembr', '723', '742'), ('Place de la Bourse', '782', '800'), (""Place de l'Opera"", '809', '825')]"
AFP_ENG_20020317.0256,"[('Islamabad', '128', '137'), ('Islamabad', '360', '369'), ('Pakistan', '17', '25')]"
AFP_ENG_20020320.0193,"[('Romania', '39', '46'), ('Romania', '231', '238')]"
AFP_ENG_20020321.0769,"[('Omagh', '1423', '1428')]"
AFP_ENG_20020322.0480,"[('Italian', '537', '544'), ('Bologna', '914', '921'), ('Italy', '1607', '1612')]"
AFP_ENG_20020322.0623,"[('Basque', '185', '191'), ('Spain', '208', '213'), ('town', '545', '549'), ('Orio', '2410', '2414'), ('country', '2585', '2592'), ('Madrid', '2616', '2622'), ('Spain', '28', '33')]"
AFP_ENG_20020322.0647,"[('Bologna', '382', '389'), ('Italian', '0', '7'), ('Italy', '3033', '3038'), ('Rome', '3537', '3541')]"
AFP_ENG_20020322.0749,"[('Italy', '284', '289'), ('French', '588', '594'), ('Bologna', '966', '973'), ('Paris', '1706', '1711')]"
AFP_ENG_20020323.0092,"[('Rome', '25', '29'), ('Rome', '135', '139'), ('Rome', '527', '531')]"
AFP_ENG_20020326.0219,"[('Rome', '877', '881'), ('Italy', '1603', '1608')]"
AFP_ENG_20020326.0429,"[('states', '243', '249'), ('Saxony', '347', '353'), ('Brandenburg', '562', '573'), ('Berlin', '578', '584'), ('Saxony', '1154', '1160')]"
AFP_ENG_20020326.0466,"[('French', '22', '28'), ('France', '189', '195')]"
AFP_ENG_20020329.0134,"[('German', '0', '6'), ('Germany', '112', '119'), ('Bavaria', '336', '343'), ('Rhineland-Palatinate', '311', '331'), ('Schesslitz', '453', '463'), ('Germany', '524', '531')]"
AFP_ENG_20020330.0367,"[('Paris', '389', '394'), ('Lyon', '511', '515'), ('Stockholm', '684', '693'), ('Oslo', '911', '915'), ('Berlin', '979', '985'), ('Strasbourg', '1204', '1214'), ('Marseille', '1727', '1736'), ('Hanover', '1988', '1995'), ('Munich', '1997', '2003'), ('Duesseldorf', '2005', '2016'), ('Stuttgart', '2021', '2030'), ('Bordeaux', '2126', '2134'), ('Toulouse', '2317', '2325'), ('Rennes', '2361', '2367'), ('Lille', '2372', '2377'), ('Athens', '2531', '2537'), ('Netanya', '3038', '3045'), ('cities', '37', '43'), ('France', '253', '259'), ('Germany', '261', '268'), ('European countries', '279', '297')]"
AFP_ENG_20020401.0383,"[('France', '174', '180'), ('Marseille', '425', '434'), ('France', '0', '6')]"
AFP_ENG_20020407.0387,"[('Paris', '108', '113'), ('Bastille', '484', '492'), ('Marseilles', '896', '906'), ('Paris', '1025', '1030'), ('Paris', '1617', '1622'), ('French', '1691', '1697'), ('capital', '1791', '1798'), ('Marseille', '2099', '2108'), ('Epinay', '2281', '2287'), ('France', '2466', '2472'), ('France', '2837', '2843'), ('French', '3317', '3323'), ('France', '184', '190')]"
AFP_ENG_20020408.0230,"[('German', '6', '12'), ('Wolgast', '626', '633'), ('Stralsund', '638', '647'), ('Thuringia', '774', '783')]"
AFP_ENG_20020408.0448,"[('Marseille', '611', '620'), ('France', '107', '113'), ('France', '0', '6'), ('French', '699', '705')]"
AFP_ENG_20020408.0478,[]
AFP_ENG_20020411.0496,"[('Dresden', '15', '22'), ('Dresden', '184', '191'), ('Dresden', '764', '771'), ('Potsdam', '1137', '1144'), ('Berlin', '1427', '1433')]"
AFP_ENG_20020413.0237,"[('Hungary', '138', '145'), ('Budapest', '475', '483')]"
AFP_ENG_20020416.0228,"[('Florence', '20', '28'), ('general', '38', '45'), ('Italy', '256', '261'), ('cities', '402', '408'), ('city', '609', '613'), ('centre', '747', '753'), ('Tuscany', '1015', '1022'), ('Florence', '1077', '1085'), ('Milan', '1235', '1240'), ('Turin', '1242', '1247'), ('Rome', '1252', '1256'), ('Turin', '1261', '1266'), ('Bologna', '1601', '1608'), ('Rome', '1645', '1649'), ('Milan', '1513', '1518')]"
AFP_ENG_20020422.0284,"[('Burnley', '2054', '2061'), ('Oldham', '2043', '2049')]"
AFP_ENG_20020422.0427,"[('Belgium', '13', '20'), ('Charleroi', '82', '91'), ('Belgium', '201', '208'), ('Antwerp', '672', '679'), ('Brussels', '705', '713'), ('Belgian', '935', '942'), ('Belgian', '1099', '1106')]"
AFP_ENG_20020422.0456,"[('England', '170', '177'), ('Preston', '318', '325'), ('Preston', '411', '418'), ('Bradford', '1183', '1191'), ('Burnley', '1193', '1200'), ('Oldham', '1205', '1211'), ('British', '0', '7')]"
AFP_ENG_20020422.0583,"[('France', '51', '57'), ('French', '176', '182'), ('Tours', '359', '364'), ('city', '746', '750'), ('Paris', '1277', '1282'), ('Lille', '1343', '1348'), ('Brest', '1432', '1437'), ('Strasbourg', '1454', '1464'), ('Marseille', '1489', '1498'), ('Bordeaux', '1500', '1508'), ('Toulouse', '1513', '1521'), ('Lyon', '1799', '1803'), ('city', '1898', '1902'), ('Paris', '2448', '2453'), ('Strasbourg', '1709', '1719')]"
AFP_ENG_20020424.0134,"[('Paris', '3862', '3867')]"
AFP_ENG_20020426.0473,"[('French', '15', '21'), ('France', '167', '173'), ('La Ciotat', '287', '296')]"
AFP_ENG_20020427.0377,"[('Sofia', '127', '132'), ('Bulgaria', '29', '37')]"
AFP_ENG_20020429.0582,"[('Slovene', '4', '11'), ('Slovene', '81', '88'), ('Slovene', '269', '276'), ('United States', '1068', '1081')]"
AFP_ENG_20030302.0506,"[('Spain', '19', '24'), ('Valencia', '158', '166')]"
AFP_ENG_20030308.0446,"[('Lisbon', '1914', '1920'), ('Portugal', '2214', '2222')]"
AFP_ENG_20030309.0339,"[('Brussels', '28', '36')]"
AFP_ENG_20030325.0411,"[('Hungarian', '550', '559'), ('Hungarian', '842', '851')]"
AFP_ENG_20030327.0111,"[('Dutch', '166', '171'), ('the Netherlands', '569', '584')]"
AFP_ENG_20030328.0254,"[(""St Peter's Square"", '38', '55'), ('Vatican', '194', '201'), ('Rome', '442', '446'), ('Villa Pamphili', '723', '737')]"
AFP_ENG_20030331.0627,"[('Rome', '0', '4'), ('Rome', '80', '84'), ('Rome', '318', '322')]"
AFP_ENG_20030404.0761,"[('capital', '361', '368'), ('Italian', '498', '505')]"
AFP_ENG_20030407.0632,"[('French', '0', '6'), ('French', '86', '92'), ('Paris', '606', '611'), ('France', '965', '971'), ('France', '1120', '1126'), ('Auch', '1138', '1142'), ('Avignon', '1144', '1151'), ('Cahors', '1153', '1159'), ('Foix', '1161', '1165'), ('Rodez', '1170', '1175')]"
AFP_ENG_20030409.0418,"[('Northern Ireland', '124', '140'), ('Northern Ireland', '0', '16')]"
AFP_ENG_20030410.0761,"[('Czech', '143', '148'), ('Prague', '1159', '1165'), ('Czech Republic', '15', '29')]"
AFP_ENG_20030417.0721,"[('French', '1300', '1306')]"
AFP_ENG_20030417.0767,"[('Paris', '112', '117'), ('Paris', '56', '61')]"
AFP_ENG_20030421.0265,"[('Belfast', '198', '205'), ('city', '441', '445'), ('Belfast', '738', '745'), ('Portadown', '1118', '1127'), ('Northern Ireland', '21', '37')]"
AFP_ENG_20030421.0586,"[('Paris', '726', '731')]"
AFP_ENG_20030424.0241,"[('Paris', '32', '37'), ('Paris', '102', '107')]"
AFP_ENG_20030424.0516,"[('Dutch', '600', '605')]"
AFP_ENG_20030426.0420,"[('Paris', '175', '180'), ('Notre Dame', '777', '787'), ('France', '1008', '1014'), ('Paris', '35', '40')]"
AFP_ENG_20030426.0497,[]
AFP_ENG_20030428.0061,"[('Austrian', '0', '8'), ('Vienna', '133', '139'), ('city', '401', '405'), ('Austrian', '536', '544')]"
AFP_ENG_20030430.0427,"[('London', '157', '163'), ('London', '18', '24')]"
AFP_ENG_20030430.0556,"[('Attica', '521', '527'), ('Ano Liossion', '209', '221'), ('Athenians', '698', '707'), ('Athens', '37', '43')]"
AFP_ENG_20030910.0082,"[('Stockholm', '145', '154'), ('Stockholm', '1015', '1024'), ('Stockholm', '36', '45')]"
AFP_ENG_20030910.0190,"[('London', '446', '452'), ('British', '49', '56')]"
AFP_ENG_20030911.0136,"[('Swedish', '190', '197'), ('Stockholm', '897', '906')]"
AFP_ENG_20030912.0169,"[('Stockholm', '170', '179'), ('Sergels Torg square', '1255', '1274'), ('Gothenburg', '1345', '1355'), ('Stockholm', '3191', '3200'), ('Sweden', '34', '40')]"
AFP_ENG_20030912.0398,"[('Germany', '213', '220'), ('Munich', '318', '324'), ('Munich', '2020', '2026')]"
AFP_ENG_20030915.0432,"[('Derry', '196', '201'), ('Limavady', '327', '335'), ('Dungiven', '293', '301'), ('Northern Ireland', '41', '57')]"
AFP_ENG_20030917.0124,"[('Denmark', '18', '25'), ('Glostrup', '155', '163')]"
AFP_ENG_20030917.0289,"[('British', '2120', '2127')]"
AFP_ENG_20030923.0170,"[('Italy', '48', '53'), ('Italy', '150', '155')]"
AFP_ENG_20030925.0782,"[('London', '1698', '1704')]"
AFP_ENG_20030929.0379,"[('Bournemouth', '3361', '3372')]"
AFP_ENG_20030930.0482,"[('Athens', '257', '263'), ('Kolonaki', '924', '932'), ('Plaka', '1511', '1516'), ('Greece', '0', '6')]"
AFP_ENG_20031001.0103,"[('Athens', '46', '52'), ('Athens', '224', '230'), ('Greek', '308', '313'), ('Salonika', '514', '522'), ('Athens', '944', '950'), ('Greece', '1191', '1197'), ('Athens', '1398', '1404')]"
AFP_ENG_20031002.0173,"[('Greek', '0', '5'), ('Athens', '55', '61'), ('Santorini', '483', '492'), ('Greece', '494', '500')]"
AFP_ENG_20031004.0095,"[('Rome', '30', '34'), ('Rome', '111', '115'), ('Piazza della Republica', '667', '689')]"
AFP_ENG_20031004.0386,"[('city', '2233', '2237')]"
AFP_ENG_20031004.0428,"[('London', '1469', '1475')]"
AFP_ENG_20031009.0410,"[('Athens', '669', '675'), ('country', '1821', '1828'), ('Greece', '2115', '2121')]"
AFP_ENG_20031009.0497,"[('Portuguese', '0', '10'), ('Portuguese', '80', '90')]"
AFP_ENG_20031010.0107,"[('France', '64', '70'), ('Nice', '186', '190'), ('city', '468', '472')]"
AFP_ENG_20031015.0115,"[('British', '0', '7'), ('Downing Street', '224', '238'), ('Downing Street', '483', '497')]"
AFP_ENG_20031016.0355,"[('Paris', '54', '59'), ('Paris', '164', '169'), ('Ajaccio', '1243', '1250')]"
AFP_ENG_20031017.0281,"[('Belfast', '21', '28'), ('Belfast', '150', '157'), ('Belfast', '901', '908')]"
AFP_ENG_20031019.0569,"[('French', '36', '42'), ('Paris', '234', '239'), ('Ris-Orangis', '361', '372'), ('Paris', '703', '708')]"
AFP_ENG_20031020.0211,"[('French', '0', '6'), ('France', '82', '88'), ('country', '384', '391'), ('Lognes', '456', '462'), ('Calais', '501', '507'), ('Amiens', '512', '518')]"
AFP_ENG_20031025.0118,"[('Mons', '398', '402'), ('Belgium', '1446', '1453')]"
AFP_ENG_20031026.0212,"[('Sweden', '17', '23'), ('Swedish', '199', '206'), ('Vaexjoe', '360', '367')]"
AFP_ENG_20031026.0291,"[('French', '54', '60'), ('Paris', '221', '226'), ('Paris', '441', '446')]"
AFP_ENG_20031028.0571,"[('country', '674', '681'), ('nationwide', '1231', '1241'), ('Italy', '1210', '1215')]"
AFP_ENG_20031029.0488,"[('Ajaccio', '967', '974'), ('Corsica', '1185', '1192'), ('Ajaccio', '1259', '1266'), ('Aleria', '1347', '1353'), ('Nice', '1489', '1493'), ('Corsica', '1961', '1968'), ('Ajaccio', '3043', '3050'), ('island', '1075', '1081'), ('French', '1093', '1099')]"
AFP_ENG_20050902.0610,"[('Poland', '85', '91'), ('Poznan', '388', '394'), ('Polish', '19', '25')]"
AFP_ENG_20050904.0416,"[('Paris', '4098', '4103')]"
AFP_ENG_20050905.0322,"[('Portugal', '3533', '3541')]"
AFP_ENG_20050908.0331,"[('Maghaberry', '2677', '2687')]"
AFP_ENG_20050909.0377,"[('Poland', '152', '158'), ('Polish', '35', '41')]"
AFP_ENG_20050911.0467,"[('Belfast', '114', '121'), ('city', '428', '432'), ('city', '615', '619'), ('Belfast', '54', '61')]"
AFP_ENG_20050912.0457,"[('Northern Ireland', '156', '172'), ('Northern Ireland', '785', '801'), ('city', '1471', '1475'), ('capital', '1677', '1684'), ('Belfast', '1718', '1725'), ('Northern Ireland', '2556', '2572'), ('Northern Ireland', '2897', '2913'), ('Northern Ireland', '3048', '3064')]"
AFP_ENG_20050915.0225,"[('British', '173', '180'), ('British', '0', '7'), ('British', '447', '454'), ('British', '752', '759')]"
AFP_ENG_20050920.0599,"[('Irish', '114', '119'), ('Irish', '0', '5'), ('Irish', '374', '379')]"
AFP_ENG_20050921.0115,"[('French', '29', '35')]"
AFP_ENG_20050922.0091,"[('Budapest', '33', '41'), ('Budapest', '120', '128')]"
AFP_ENG_20050922.0352,"[('London', '0', '6'), ('London', '135', '141')]"
AFP_ENG_20051001.0065,"[('Ajaccio', '303', '310'), ('Marseille', '336', '345'), ('Marseille', '106', '115'), ('Corsica', '19', '26'), ('Ajaccio', '942', '949'), ('Ajaccio', '1378', '1385'), ('Bastia', '1615', '1621'), ('Ajaccio', '1603', '1610'), ('Marseille', '1821', '1830')]"
AFP_ENG_20051004.0191,"[('French', '24', '30'), ('France', '184', '190'), ('Marseille', '643', '652'), ('Le Havre', '670', '678'), ('Ajaccio', '933', '940'), ('country', '2027', '2034'), ('Corsica', '3175', '3182'), ('Marseille', '3266', '3275')]"
AFP_ENG_20051004.0476,"[('Austrian', '146', '154')]"
AFP_ENG_20051013.0371,"[('France', '166', '172'), ('Corsica', '793', '800'), ('Marseille', '982', '991')]"
AFP_ENG_20051022.0327,"[('British', '23', '30'), ('Birmingham', '238', '248'), ('Birmingham', '297', '307'), ('Lozells', '1080', '1087')]"
AFP_ENG_20051022.0382,"[('Lozzels Road', '425', '437'), ('Lozells', '2920', '2927'), ('Lozells', '3242', '3249'), ('Lozells Road', '3336', '3348'), ('Birmingham', '254', '264'), ('English', '62', '69')]"
AFP_ENG_20051024.0153,"[('Birmingham', '162', '172'), ('Britain', '39', '46'), ('Birmingham', '357', '367'), ('Birmingham', '727', '737')]"
AFP_ENG_20051024.0388,"[('Strasbourg', '30', '40'), ('Strasbourg', '179', '189'), ('Strasbourg', '1200', '1210')]"
AFP_ENG_20051025.0270,"[('Portuguese', '0', '10'), ('Lisbon', '144', '150'), ('Portuguese', '720', '730'), ('Beja', '1728', '1732'), ('Portuguese', '345', '355')]"
AFP_ENG_20051025.0347,[]
AFP_ENG_20051025.0533,"[('Italian', '0', '7'), ('Italian', '80', '87'), ('Verona', '361', '367'), ('Vicenza', '370', '377'), ('Treviso', '379', '386'), ('Padua', '391', '396')]"
AFP_ENG_20051028.0154,"[('Paris', '11', '16'), ('Paris', '172', '177'), ('Clichy-sous-Bois', '392', '408')]"
AFP_ENG_20051031.0067,"[('Paris', '228', '233'), ('Clichy-sous-Bois', '875', '891')]"
AFP_ENG_20051031.0289,"[('Paris', '25', '30'), ('Clichy-sous-Bois', '452', '468'), ('town', '545', '549'), ('Clichy-sous-Bois', '775', '791'), ('Seine-Saint-Denis', '1674', '1691'), ('Montfermeil', '1745', '1756'), ('Sevran', '1882', '1888'), ('Aulnay-sous-Bois', '1893', '1909'), ('towns', '2057', '2062'), ('Bondy', '2167', '2172'), ('Neuilly-sur-Marne', '2145', '2162'), ('Sevran', '2137', '2143'), ('Paris', '2831', '2836'), ('Paris', '250', '255')]"
AFP_ENG_20060303.0593,"[('Oxford', '707', '713'), ('Britain', '1587', '1594'), ('Cambridge', '1722', '1731'), ('Staffordshire', '1765', '1778')]"
AFP_ENG_20060308.0148,"[('Santona', '152', '159'), ('Santona', '338', '345'), ('Plentzia', '781', '789'), ('Spain', '25', '30')]"
AFP_ENG_20060314.0529,"[('Austria', '160', '167'), ('Austria', '332', '339'), ('Austria', '3103', '3110'), ('Austria', '3537', '3544'), ('Austria', '20', '27')]"
AFP_ENG_20060323.0533,"[('Paris', '202', '207'), ('Paris', '26', '31')]"
AFP_ENG_20060323.0692,"[('Paris', '182', '187'), ('France', '733', '739'), ('Paris', '849', '854'), ('Paris', '1341', '1346'), ('Marseille', '1656', '1665'), ('Rennes', '1681', '1687'), ('Rueil-Malmaison', '1765', '1780'), ('Grenoble', '1689', '1697'), ('Lyon', '1703', '1707'), ('Savigny-sur-Orge', '1734', '1750'), ('Creteil', '1752', '1759'), ('France', '3420', '3426'), ('Paris', '15', '20')]"
AFP_ENG_20060331.0331,"[('Finnish', '151', '158'), ('Finn', '468', '472'), ('country', '645', '652'), ('Finland', '835', '842')]"
AFP_ENG_20060411.0221,"[('Middle East', '209', '220'), ('Middle East', '493', '504'), ('Middle East', '1104', '1115')]"
AFP_ENG_20060412.0402,"[('Prestwick', '176', '185'), ('Scotland', '36', '44')]"
AFP_ENG_20060420.0481,"[('Belgium', '2836', '2843')]"
AFP_ENG_20060421.0308,"[('London', '140', '146'), ('Britain', '19', '26'), ('Downing Street', '710', '724')]"
AFP_ENG_20060913.0260,"[('Madrid', '170', '176'), ('Madrid', '1798', '1804'), ('Spanish', '0', '7')]"
AFP_ENG_20060913.0642,"[('Canary  Islands', '239', '254'), ('Fuerteventura', '391', '404'), ('Canaries', '22', '30')]"
AFP_ENG_20060920.0245,"[('Budapest', '193', '201'), ('capital', '395', '402'), ('Kossuth square', '667', '681'), ('Hungarian', '3151', '3160'), ('Hungary', '3459', '3466'), ('Hungarian', '0', '9')]"
AFP_ENG_20060922.0294,"[('Budapest', '956', '964'), ('Hungarian', '481', '490'), ('Budapest', '1523', '1531'), ('Hungarians', '2551', '2561')]"
AFP_ENG_20060922.0309,"[('Finnish', '91', '98'), ('Helsinki', '519', '527'), ('China', '751', '756')]"
AFP_ENG_20060923.0438,"[('Latvian', '1663', '1670')]"
AFP_ENG_20060923.0442,"[('British', '353', '360'), ('British', '46', '53'), ('Britain', '487', '494'), ('Manchester', '562', '572'), ('Manchester', '2132', '2142')]"
AFP_ENG_20060925.0137,"[('Paris', '186', '191'), ('Paris', '8', '13'), ('capital', '413', '420'), ('Paris', '904', '909'), ('Toulouse', '1128', '1136')]"
AFP_ENG_20060925.0222,"[('French', '210', '216'), ('Lot-et-Garonne', '455', '469'), ('Millau', '2104', '2110'), ('French', '0', '6')]"
AFP_ENG_20060926.0234,"[('Hungarian', '124', '133'), ('Hungarian parliament', '2052', '2072'), ('country', '2383', '2390')]"
AFP_ENG_20060926.0607,"[('Windsor Castle', '1378', '1392')]"
AFP_ENG_20060928.0536,[]
AFP_ENG_20060930.0182,"[('Hungary', '1407', '1414'), ('Hungarian parliament', '3843', '3863')]"
AFP_ENG_20061002.0196,"[('Les Mureaux', '194', '205'), ('Paris', '42', '47')]"
AFP_ENG_20061002.0314,"[('France', '82', '88'), ('French', '403', '409'), ('British', '1337', '1344'), ('Amsterdam', '1516', '1525'), ('French', '0', '6')]"
AFP_ENG_20061004.0376,"[('Italian', '71', '78'), ('Italian', '0', '7')]"
AFP_ENG_20061007.0079,"[('Polish', '0', '6'), ('Warsaw', '264', '270'), ('country', '286', '293'), ('Warsaw', '1275', '1281'), ('capital', '1614', '1621')]"
AFP_ENG_20061007.0217,"[('Hungarian', '109', '118'), ('Hungary', '1012', '1019'), ('Hungarian', '16', '25')]"
AFP_ENG_20061009.0392,"[('London', '2041', '2047')]"
AFP_ENG_20061014.0305,"[('Paris', '145', '150'), ('France', '162', '168'), ('capital', '293', '300'), ('Lille', '532', '537'), ('Toulouse', '637', '645'), ('France', '29', '35')]"
AFP_ENG_20061023.0142,"[('Budapest', '218', '226'), ('Hungary', '1099', '1106'), ('Budapest', '1421', '1429')]"
AFP_ENG_20061025.0616,"[('France', '119', '125'), ('Paris', '377', '382'), ('Clichy-sous-Bois', '459', '475'), ('France', '1162', '1168'), ('French', '0', '6')]"
AFP_ENG_20061026.0248,"[('Britain', '884', '891')]"
AFP_ENG_20061027.0498,"[('France', '409', '415'), ('Paris', '267', '272'), ('French', '26', '32'), ('Blanc-Mesnil', '916', '928'), ('Paris', '1669', '1674'), ('Clichy-sous-Bois', '1692', '1708'), ('Clichy', '2087', '2093'), ('France', '2789', '2795')]"
AFP_ENG_20061030.0123,"[('French', '158', '164'), ('French', '0', '6'), ('Marseille', '354', '363'), ('France', '504', '510'), ('Marseille', '575', '584'), ('Paris', '940', '945'), ('Grenoble', '1221', '1229'), ('French', '1458', '1464'), ('Marseille', '2406', '2415'), ('Marseille', '2915', '2924'), ('Nice', '3051', '3055')]"
APW_ENG_20020302.0424,"[('Downing Street', '33', '47'), ('Scottish', '64', '72'), ('Downing Street', '260', '274'), ('Scottish', '783', '791'), ('Scotland', '1773', '1781')]"
APW_ENG_20020302.0481,"[('London', '14', '20'), ('London', '154', '160')]"
APW_ENG_20020307.0764,"[('Norway', '113', '119')]"
APW_ENG_20020309.0366,"[('Britain', '22', '29'), ('London', '340', '346')]"
APW_ENG_20020313.0461,"[('Irish', '54', '59')]"
APW_ENG_20020314.0603,"[('Lockerbie', '427', '436'), ('Lockerbie', '1281', '1290'), ('United States', '2050', '2063'), ('Lockerbie', '4047', '4056')]"
APW_ENG_20020314.1091,"[('Barcelona', '174', '183'), ('Barcelona', '692', '701')]"
APW_ENG_20020315.1290,"[('Barcelona', '603', '612')]"
APW_ENG_20020316.0277,"[('London', '109', '115')]"
APW_ENG_20020316.0297,[]
APW_ENG_20020318.1004,"[('Poles', '0', '5'), ('Polish', '178', '184')]"
APW_ENG_20020321.0222,"[('Bologna', '1729', '1736'), ('Rome', '2166', '2170'), ('Bologna', '2172', '2179'), ('elsewhere', '2184', '2193')]"
APW_ENG_20020321.0568,[]
APW_ENG_20020321.0726,"[('Spain', '39', '44'), ('Spain', '212', '217'), ('Orio', '556', '560'), ('Basque', '1883', '1889'), ('Orio', '1914', '1918')]"
APW_ENG_20020322.0906,"[('Barcelona', '1411', '1420')]"
APW_ENG_20020323.0232,"[('Rome', '43', '47'), ('Rome', '234', '238'), ('capital', '543', '550'), ('Roman', '991', '996'), ('Colosseum', '1058', '1067'), ('Circus Maximus', '1071', '1085'), ('Bologna', '1488', '1495')]"
APW_ENG_20020323.0580,"[('Toulouse', '57', '65'), ('Toulouse', '204', '212')]"
APW_ENG_20020331.0370,"[('Spain', '1012', '1017'), ('France', '1031', '1037'), ('San Sebastian', '1314', '1327')]"
APW_ENG_20020331.0567,"[('Union', '553', '558'), ('Haute-Garonne', '756', '769'), ('France', '849', '855'), ('Strasbourg', '1003', '1013'), ('Lyon', '1228', '1232'), ('Lyon', '1465', '1469'), ('Lyon', '2018', '2022'), ('Villeurbanne', '2233', '2245'), ('United States', '2514', '2527'), ('French', '2570', '2576'), ('France', '50', '56')]"
APW_ENG_20020404.0528,"[('Antwerp', '59', '66'), ('Antwerp', '98', '105'), ('city', '705', '709'), ('Jewish quarter', '865', '879'), ('Brussels', '1215', '1223'), ('Antwerp', '1238', '1245'), ('France', '1356', '1362'), ('Mideast', '1473', '1480')]"
APW_ENG_20020408.0650,"[('Greece', '218', '224'), ('Greece', '422', '428'), ('Greece', '571', '577')]"
APW_ENG_20020410.0614,"[('Whitehall', '324', '333')]"
APW_ENG_20020410.1290,"[('Athens', '178', '184'), ('Syntagma Square', '301', '316'), ('Greece', '680', '686'), ('Greece', '920', '926')]"
APW_ENG_20020410.1396,"[('Madrid', '39', '45'), ('Calle Serrano', '612', '625')]"
APW_ENG_20020412.0894,"[('Birmingham', '1677', '1687'), ('London', '1803', '1809'), ('London', '1855', '1861'), ('Britain', '1943', '1950'), ('London', '2050', '2056')]"
APW_ENG_20020412.1524,"[('Britain', '136', '143')]"
APW_ENG_20020413.0441,"[('London', '19', '25'), ('London', '111', '117'), ('Hyde Park', '248', '257'), ('Trafalgar Square', '272', '288'), ('British', '666', '673')]"
APW_ENG_20020415.1282,"[('Rome', '155', '159'), ('Rome', '395', '399')]"
APW_ENG_20020416.0556,"[('Denmark', '21', '28'), ('Denmark', '99', '106'), ('Denmark', '405', '412')]"
APW_ENG_20020417.0943,"[('Greece', '337', '343'), ('Thessaloniki', '434', '446'), ('Ioannina', '535', '543'), ('Thessaloniki', '838', '850'), ('Athens', '892', '898'), ('Greeks', '1243', '1249'), ('Greece', '1461', '1467')]"
APW_ENG_20020422.0621,"[('Slovakia', '132', '140'), ('Kosice', '299', '305'), ('Kosice', '1257', '1263')]"
APW_ENG_20020424.0942,[]
APW_ENG_20030304.0281,"[('Polish', '0', '6'), ('capital', '158', '165'), ('Warsaw', '313', '319')]"
APW_ENG_20030305.0413,"[('American', '189', '197'), ('German', '116', '122'), ('German', '1036', '1042'), ('German', '1216', '1222'), ('United States', '1453', '1466'), ('Germany', '1312', '1319')]"
APW_ENG_20030306.0245,"[('British', '233', '240')]"
APW_ENG_20030306.0293,"[('Prague', '118', '124'), ('Prague', '329', '335')]"
APW_ENG_20030308.0331,"[('Paris', '36', '41'), ('Paris', '125', '130'), ('France', '229', '235'), ('cities', '395', '401'), ('towns', '406', '411'), ('Paris', '634', '639')]"
APW_ENG_20030311.0265,"[('Romani', '55', '61')]"
APW_ENG_20030314.0435,"[('Denmark', '222', '229'), ('Copenhagen', '575', '585'), ('German', '1228', '1234')]"
APW_ENG_20030315.0351,"[('Italy', '72', '77'), ('Naples', '1098', '1104')]"
APW_ENG_20030317.0633,"[('London', '143', '149'), ('London', '1277', '1283'), ('Downing Street', '1496', '1510')]"
APW_ENG_20030319.0384,"[('Baltic Sea', '135', '145'), ('Bornholm', '257', '265')]"
APW_ENG_20030324.0283,"[('Manchester', '164', '174'), ('Stockport', '400', '409'), ('Manchester', '789', '799')]"
APW_ENG_20030325.0202,"[('Greek', '33', '38'), ('Athens', '188', '194')]"
APW_ENG_20030328.0403,"[('downtown', '247', '255'), ('University Square', '425', '442')]"
APW_ENG_20030406.0211,"[('capital', '163', '170')]"
APW_ENG_20030408.0201,"[('Hungary', '0', '7'), ('Hungary', '89', '96')]"
APW_ENG_20030408.0393,"[('Rome', '51', '55'), ('Rome', '240', '244'), ('Rome', '529', '533'), ('Italian', '709', '716')]"
APW_ENG_20030416.0340,"[('Slovak', '555', '561')]"
APW_ENG_20030420.0199,"[('Weimar', '176', '182')]"
APW_ENG_20030424.0195,"[('Paris', '173', '178'), ('Paris', '54', '59')]"
APW_ENG_20030426.0145,"[('Madrid', '18', '24'), ('Madrid', '89', '95'), ('Puerta del Sol', '481', '495')]"
APW_ENG_20030426.0229,[]
APW_ENG_20030905.0125,"[('Athens', '39', '45'), ('Athens', '123', '129')]"
APW_ENG_20030905.0415,"[('Finland', '191', '198'), ('Jyvaskyla', '1020', '1029'), ('Vaasa', '273', '278'), ('Finland', '747', '754')]"
APW_ENG_20030910.0344,"[('Paris', '33', '38'), ('cities', '307', '313'), ('Paris', '852', '857')]"
APW_ENG_20030910.0445,"[('Hungary', '252', '259'), ('Spanish', '500', '507'), ('Budapest', '585', '593'), ('Hungarian', '746', '755'), ('Spanish', '1209', '1216'), ('Germany', '1474', '1481')]"
APW_ENG_20030922.0146,"[('Finland', '174', '181'), ('Finland', '58', '65'), ('Kokkola', '882', '889'), ('country', '1008', '1015'), ('Ringkoebing', '1840', '1851')]"
APW_ENG_20030926.0454,"[('Poland', '167', '173'), ('Katowice', '376', '384'), ('Katowice', '1533', '1541'), ('Polish', '1649', '1655'), ('Polish', '0', '6')]"
APW_ENG_20030929.0207,"[('Sweden', '3', '9'), ('Boraas', '303', '309'), ('Visby', '545', '550'), ('Visby', '1090', '1095'), ('Kokkola', '1691', '1698'), ('Ringkoebing', '1786', '1797')]"
APW_ENG_20030929.0228,"[('France', '170', '176'), ('French', '40', '46'), ('Toulouse', '357', '365'), ('Saint-Chamond', '441', '454'), ('Roanne', '459', '465')]"
APW_ENG_20030929.0705,"[('Greek', '40', '45'), ('Athens', '198', '204'), ('Athens', '618', '624')]"
APW_ENG_20030930.0461,"[('European Union', '560', '574'), ('Zeebrugge', '792', '801'), ('Spain to the Netherlands', '903', '927'), ('Rotterdam', '986', '995')]"
APW_ENG_20031002.0122,"[('Greece', '0', '6'), ('Greece', '175', '181'), ('Greece', '602', '608')]"
APW_ENG_20031003.0424,"[('Rome', '177', '181'), ('Rome', '550', '554'), ('Genoa', '2419', '2424')]"
APW_ENG_20031008.0561,"[('South Africa', '300', '312')]"
APW_ENG_20031009.0485,"[('Olympic Village', '86', '101')]"
APW_ENG_20031012.0141,"[('Spain', '176', '181'), ('Irun', '371', '375')]"
APW_ENG_20031014.0593,"[('Greek', '0', '5'), ('Greece', '102', '108')]"
APW_ENG_20031016.0101,"[('Austrian', '0', '8'), ('Austrian', '133', '141')]"
APW_ENG_20031016.0701,"[('Greece', '155', '161')]"
APW_ENG_20031017.0053,"[('Paris', '2132', '2137')]"
APW_ENG_20031018.0305,"[('Greece', '14', '20'), ('Athens', '154', '160'), ('Greek', '207', '212')]"
APW_ENG_20031018.0459,"[('Spain', '28', '33'), ('San Sebastian', '161', '174'), ('San Sebastian', '767', '780')]"
APW_ENG_20031022.0414,"[('London', '30', '36'), ('London', '80', '86'), ('London', '442', '448')]"
APW_ENG_20031022.0733,"[('Paris', '52', '57'), ('capital', '172', '179')]"
APW_ENG_20031022.0823,"[('Tokyo', '2057', '2062'), ('United States', '2246', '2259')]"
APW_ENG_20031025.0452,"[('Sweden', '66', '72'), ('Sweden', '264', '270'), ('Vaexjoe', '361', '368')]"
APW_ENG_20031027.0192,"[('Romania', '61', '68'), ('Romanian', '244', '252'), ('Hundedoara', '336', '346'), ('Hunedoara', '560', '569'), ('city', '855', '859')]"
APW_ENG_20031030.0363,"[('Frankfurt', '0', '9'), ('Frankfurt', '81', '90')]"
APW_ENG_20050903.0590,"[('Paris', '64', '69'), ('Paris', '163', '168')]"
APW_ENG_20050904.0417,"[('Austrian', '192', '200'), ('Bad Goisern', '382', '393'), ('Austria', '64', '71')]"
APW_ENG_20050905.0804,"[('country', '1488', '1495')]"
APW_ENG_20050908.0495,"[('Slovak', '29', '35'), ('Banska Bystrica', '388', '403')]"
APW_ENG_20050911.0012,"[('Greece', '18', '24'), ('Greek', '165', '170'), ('Thessaloniki', '1057', '1069')]"
APW_ENG_20050911.0181,"[('Greece', '34', '40'), ('Greece', '139', '145'), ('Athens', '530', '536'), ('Ambelokipi', '627', '637'), ('Egaleo', '639', '645'), ('Pangrati', '650', '658'), ('Thessaloniki', '742', '754')]"
APW_ENG_20050912.0299,"[('Romanian', '0', '8'), ('Bucharest', '164', '173')]"
APW_ENG_20050916.0697,"[('River Thames', '61', '73'), ('River Thames', '126', '138'), ('London', '498', '504'), ('English', '877', '884'), ('Tower Bridge', '969', '981'), ('Thames', '2179', '2185')]"
APW_ENG_20050919.0566,"[('Milan', '103', '108'), ('Milan', '44', '49'), ('Milan', '387', '392'), ('Milan', '1277', '1282')]"
APW_ENG_20050920.0961,"[('Danish', '145', '151'), ('Danish', '31', '37'), ('London', '815', '821')]"
APW_ENG_20050925.0604,"[('Basra', '2005', '2010'), ('Basra', '2400', '2405'), ('Iraq', '42', '46'), ('Iraq', '210', '214')]"
APW_ENG_20050926.0560,"[('Italian', '0', '7'), ('Italy', '95', '100'), ('Italy', '489', '494')]"
APW_ENG_20050930.1144,"[('Corsica', '23', '30'), ('Corsica', '68', '75'), ('island', '266', '272'), ('Ajaccio', '599', '606'), ('Corsican', '750', '758'), ('Corsica', '1970', '1977')]"
APW_ENG_20051005.0685,[]
APW_ENG_20051006.1147,"[('Antwerp', '455', '462')]"
APW_ENG_20051011.0213,"[('Antwerp', '1157', '1164')]"
APW_ENG_20051014.0533,"[('Hungary', '27', '34')]"
APW_ENG_20051015.0583,"[('Slovakia', '47', '55'), ('Slovak', '135', '141'), ('Banska Bystrica', '318', '333')]"
APW_ENG_20051024.0273,"[('Belgium', '116', '123'), ('Charleroi', '383', '392'), ('Wallonia', '688', '696'), ('La Louviere', '587', '598'), ('Namur', '560', '565'), ('Belgium', '30', '37')]"
APW_ENG_20060306.0659,"[('Irish', '98', '103'), ('Ireland', '1161', '1168'), ('Dublin', '1257', '1263'), ('cities', '1282', '1288'), ('Irish', '1502', '1507'), ('Ireland', '2537', '2544'), ('Irish', '751', '756'), ('Irish', '26', '31')]"
APW_ENG_20060313.0515,"[('Denmark', '217', '224'), ('Denmark', '422', '429'), ('Danish', '1323', '1329'), ('Danish', '1459', '1465')]"
APW_ENG_20060315.0607,[]
APW_ENG_20060318.0778,"[('Paris', '130', '135'), ('nationwide', '264', '274'), ('Paris', '389', '394'), ('town', '458', '462'), ('French', '0', '6')]"
APW_ENG_20060320.0570,"[('Germany', '162', '169'), ('Baden-Wuerttemberg', '283', '301'), ('German', '396', '402'), ('German', '28', '34'), ('German', '2311', '2317')]"
APW_ENG_20060321.0569,"[('German', '95', '101'), ('German', '0', '6')]"
APW_ENG_20060323.0349,"[('Greek', '93', '98'), ('Athens', '276', '282'), ('center', '338', '344'), ('Paris', '1440', '1445'), ('Greek', '0', '5')]"
APW_ENG_20060324.0910,"[('Spain', '1068', '1073'), ('Britain', '1078', '1085'), ('Madrid', '1448', '1454'), ('Italian', '3229', '3236'), ('London', '4329', '4335'), ('Alpine valley', '4873', '4886'), ('Milan', '5053', '5058'), ('Genoa', '5163', '5168')]"
APW_ENG_20060328.0589,"[('Reading', '153', '160'), ('London', '1417', '1423'), ('British', '1185', '1192'), ('Cambridge', '1512', '1521'), ('Oxford', '1792', '1798')]"
APW_ENG_20060402.0702,"[('France', '3970', '3976')]"
APW_ENG_20060403.0340,"[('country', '405', '412'), ('Norwegian', '32', '41')]"
APW_ENG_20060404.1200,"[('Brussels', '2221', '2229')]"
APW_ENG_20060405.0602,"[('Ireland', '223', '230'), ('Ireland', '907', '914'), ('Ireland', '30', '37')]"
APW_ENG_20060407.1344,"[('France', '220', '226'), ('Accous', '507', '513'), ('French', '0', '6')]"
APW_ENG_20060410.0950,"[('French', '93', '99'), ('Paris', '929', '934'), ('country', '1153', '1160'), ('nationwide', '1629', '1639'), ('Paris', '2193', '2198'), ('French', '38', '44'), ('France', '417', '423')]"
APW_ENG_20060419.1064,"[('British', '18', '25'), ('British', '169', '176'), ('Colnbrook', '259', '268'), ('Britain', '489', '496'), ('Gosport', '2505', '2512'), (""Yarl's Wood"", '3019', '3030')]"
APW_ENG_20060419.1074,"[('Athens', '27', '33'), ('Egypt', '59', '64'), ('Athens', '198', '204'), ('Alexandria', '287', '297'), ('Athens', '739', '745'), ('Athens', '998', '1004'), ('Alexandria', '1345', '1355'), ('Egypt', '1511', '1516')]"
APW_ENG_20060420.1068,"[('Germany', '193', '200'), ('Potsdam', '555', '562'), ('Germany', '1208', '1215'), ('Potsdam', '1279', '1286'), ('Potsdam', '1514', '1521'), ('Berlin', '1819', '1825')]"
APW_ENG_20060424.0827,"[('Paris', '103', '108'), ('Paris', '1075', '1080'), ('France', '2002', '2008'), ('Paris', '29', '34')]"
APW_ENG_20060425.0372,"[('capital', '1059', '1066')]"
APW_ENG_20060425.0616,"[('Spain', '195', '200'), ('Navarra', '1335', '1342'), ('Gexto', '1384', '1389'), ('Gexto', '1690', '1695'), ('Spain', '0', '5')]"
APW_ENG_20060426.0719,"[('Milan', '51', '56'), ('Milan', '171', '176')]"
APW_ENG_20060428.0980,"[('Krakow', '138', '144'), ('Warsaw', '871', '877'), ('Poland', '69', '75')]"
APW_ENG_20060920.1780,"[('Paris', '227', '232'), ('Essonne', '506', '513'), ('Corbeil-Essonnes', '949', '965'), ('French', '2281', '2287'), ('Seine-Saint-Denis', '2702', '2719'), ('Corbeil-Essonne', '3128', '3143'), ('French', '43', '49')]"
APW_ENG_20060921.1149,"[('parliament building', '3082', '3101')]"
APW_ENG_20060923.0785,"[('Oslo', '31', '35'), ('Oslo', '113', '117'), ('Oslo', '336', '340')]"
APW_ENG_20060924.0492,"[('Rostock', '596', '603'), ('Aachen', '951', '957'), ('German', '0', '6'), ('German', '97', '103')]"
APW_ENG_20060924.0850,"[('Copenhagen', '173', '183'), ('Copenhagen', '634', '644'), ('Copenhagen', '962', '972'), ('Danish', '0', '6')]"
APW_ENG_20060925.1155,"[('Romanian', '0', '8'), ('Romanian', '148', '156')]"
APW_ENG_20060928.1592,"[('Icelandic', '211', '220'), ('Iceland', '913', '920')]"
APW_ENG_20061004.0452,"[('Paris', '169', '174'), ('French', '0', '6'), ('Paris', '1362', '1367'), ('France', '1852', '1858')]"
APW_ENG_20061009.1476,"[('Bucharest', '465', '474'), ('country', '576', '583'), ('Bucharest', '826', '835'), ('capital', '1030', '1037'), ('Romanian', '13', '21')]"
APW_ENG_20061012.0824,"[('Rome', '216', '220'), ('capital', '439', '446')]"
APW_ENG_20061020.1415,[]
APW_ENG_20061025.0763,"[('Athens', '158', '164'), ('Athens', '842', '848'), ('Thessaloniki', '1106', '1118'), ('country', '1209', '1216'), ('Greece', '2205', '2211'), ('Athens', '53', '59'), ('Thessaloniki', '61', '73')]"
APW_ENG_20061025.1005,"[('Paris', '238', '243'), ('France', '429', '435'), ('Paris', '1087', '1092'), ('France', '1173', '1179'), ('France', '1651', '1657'), ('Paris', '0', '5')]"
APW_ENG_20061026.1375,"[('country', '183', '190'), ('Greece', '655', '661'), ('Athens', '762', '768'), ('Greece', '1879', '1885'), ('Greek', '0', '5')]"
APW_ENG_20061026.1439,"[('Slovak', '475', '481'), ('capital', '705', '712')]"
